"day","hour","RL_act","CON_act","SPV_act","WND_act","SPV_forc","WND_forc","CON_forc","VWAP","DA_SPOT"
"2015-01-06","00:00",38049.86239,46552.98739,0,8503.125,0,10779.851,52745.13415,20.36,15.15
"2015-01-07","01:00",36225.34832,44311.22332,0,8085.875,0,10580.681,49819.8122,13.13,12.96
"2015-01-08","02:00",34125.13925,42928.33925,0,8803.2,0,10233.593,48100.39521,9.81,12.09
"2015-01-09","03:00",32782.06019,41751.63519,0,8969.575,0,9938.454,47394.62911,7.14,11.7
"2015-01-10","04:00",32669.10612,41178.83112,0,8509.725,0,9764.51,47161.71238,10.25,11.66
"2015-01-11","05:00",31848.97705,40209.52705,0,8360.55,0,9663.302,45219.21927,9.59,11.35
"2015-01-12","06:00",30589.92298,38636.32298,0,8046.4,0,9808.999,42914.92888,6.33,9.85
"2015-01-13","07:00",30792.94892,39026.09892,0.8,8232.35,0,9422.438,46046.67113,4.88,9.54
"2015-01-14","08:00",30960.08485,39511.03485,170.5,8380.45,551.9196313,8852.891,50031.75327,8.7,9.49
"2015-01-15","09:00",31589.40578,41006.13078,1331.975,8084.75,2053.805114,8490.057,53414.05363,8.68,11.64
"2015-01-16","10:00",32745.25672,43152.70672,3396.05,7011.4,4318.613178,8442.436,56107.74579,9.28,11.94
"2015-01-17","11:00",32738.18265,44616.08265,5247.4,6630.5,5597.231611,8681.5,57733.9367,10.45,13.15
"2015-01-18","12:00",32964.46858,45454.81858,6546,5944.35,5933.510693,8866.873,56988.46878,10.64,15.24
"2015-01-19","13:00",33320.20451,45409.05451,6490.425,5598.425,6027.714303,8721.484,54465.03816,6.5,13.69
"2015-01-20","14:00",34854.42045,45038.77045,4793.1,5391.25,4316.51618,8267.828,52302.33173,4.9,16.96
"2015-01-21","15:00",38024.76638,46015.36638,2209.825,5780.775,2139.619142,7957.95,52592.69066,6.3,26.06
"2015-01-22","16:00",40291.10231,48543.80231,304.475,7948.225,132.5164818,8008.701,55565.47463,17.3,32.11
"2015-01-23","17:00",45190.63325,55014.05825,1.225,9822.2,0,8623.403,59727.46975,23.65,32.88
"2015-01-24","18:00",44726.83918,55762.51418,0,11035.675,0,9294.338,60403.68935,18.77,32.22
"2015-01-25","19:00",42646.99511,55004.27011,0,12357.275,0,10043.381,59468.23069,14.54,30.63
"2015-01-26","20:00",39559.93105,52408.70605,0,12848.775,0,10863.219,58090.23249,11.62,28.64
"2015-01-27","21:00",37960.82198,50940.42198,0,12979.6,0,11856.185,57483.69646,13.46,20.09
"2015-01-28","22:00",38578.58791,52076.83791,0,13498.25,0,12476.359,57461.28423,12.71,15.1
"2015-01-29","23:00",34959.72384,48950.57384,0,13990.85,0,12776.318,53852.80461,5.08,12.95
"2015-01-30","00:00",30573.19978,44350.54978,0,13777.35,0,14087.19186,49295.54739,-2.38,7.66
"2015-01-31","01:00",28354.84071,42180.76571,0,13825.925,0,14311.10586,47562.81056,-6.89,7.02
"2015-02-01","02:00",27387.86164,41485.96164,0,14098.1,0,14408.39332,46832.14901,-5.7,1.92
"2015-02-02","03:00",27167.76758,41953.81758,0,14786.05,0,14555.81996,47520.37151,-5.43,-0.04
"2015-02-03","04:00",28491.29851,43489.17351,0,14997.875,0,14655.14306,49051.04091,-0.44,0.06
"2015-02-04","05:00",30947.89944,46074.94944,0,15127.05,0,14721.70174,51220.9872,-0.38,7.06
"2015-01-06","06:00",37234.44037,52939.26537,0,15704.825,0,14766.81215,57169.72018,9.48,11.8
"2015-01-07","07:00",42727.82131,58592.12131,0.275,15864.025,0,14847.40109,62963.94988,19.49,21.31
"2015-01-08","08:00",46758.70224,62152.67724,94.825,15299.15,218.7303158,14607.37858,66467.94269,17.93,30.44
"2015-01-09","09:00",49282.13317,64554.23317,607.475,14664.625,868.8776898,14260.55919,69228.61355,25.1,30.63
"2015-01-10","10:00",50239.32411,66020.04911,1515.375,14265.35,1857.291171,14208.72777,72188.23969,27.77,30.86
"2015-01-11","11:00",52290.84004,67699.36504,2396.425,13012.1,2508.585236,13588.71071,74155.38524,36.52,33.78
"2015-01-12","12:00",52959.70597,68231.88097,3135.15,12137.025,2692.920704,13278.94813,74045.31565,38.75,37.97
"2015-01-13","13:00",52151.39691,67410.19691,2987.725,12271.075,2437.799464,12862.90962,73250.54274,34.21,37.42
"2015-01-14","14:00",51857.73784,65948.01284,1941.25,12149.025,1669.655068,12461.34454,72080.11764,32.76,36.24
"2015-01-15","15:00",53008.69877,65914.44877,840.25,12065.5,776.0758702,11743.27312,70920.37081,32.16,32.18
"2015-01-16","16:00",55494.0497,67469.3247,160.425,11814.85,56.61624951,11469.90652,71657.27736,34.76,33.56
"2015-01-17","17:00",58137.57064,70568.72064,1.075,12430.075,0,11520.77995,73996.35937,47.02,52.94
"2015-01-18","18:00",57632.43157,69607.95657,0,11975.525,0,11858.06266,72874.64975,53.18,62.33
"2015-01-19","19:00",56768.3725,68426.3725,0,11658,0,11467.8175,71022.8859,46.62,53.53
"2015-01-20","20:00",53245.73844,63987.38844,0,10741.65,0,10812.10948,67845.4141,35.14,39.54
"2015-01-21","21:00",51116.43937,60900.16437,0,9783.725,0,10002.60087,64828.07709,30.73,35.9
"2015-01-22","22:00",49780.4153,58569.3403,0,8788.925,0,9394.26721,62336.44886,29.55,35.47
"2015-01-23","23:00",46450.05124,55235.67624,0,8785.625,0,8908.453481,58218.46475,26.02,30.64
"2015-01-24","00:00",42104.54717,50020.77217,0,7916.225,0,8474.900484,54887.17159,25.92,27.4
"2015-01-25","01:00",39376.5731,47262.9481,0,7886.375,0,8497.377277,52518.79593,26.03,25.61
"2015-01-26","02:00",38010.02403,46170.42403,0,8160.4,0,8896.734452,50955.15711,15.22,19.02
"2015-01-27","03:00",37153.96497,46324.73997,0,9170.775,0,9028.81579,51301.81236,12.02,13.15
"2015-01-28","04:00",37205.2409,47281.8159,0,10076.575,0,9587.62369,52407.54771,11.97,16.01
"2015-01-29","05:00",38334.19683,49390.57183,0,11056.375,0,10270.7504,54851.26484,15.3,24.01
"2015-01-30","06:00",41572.77777,53738.02777,0,12165.25,0,10973.08136,62449.43453,18.66,28.27
"2015-01-31","07:00",46303.6387,59334.7637,0.95,13030.175,0,11724.19624,70080.17435,19.43,31.66
"2015-02-01","08:00",49496.37963,63899.37963,284.6,14118.4,437.3485468,12527.33418,72623.52585,22.39,31.96
"2015-02-02","09:00",49228.87056,65822.69556,1917.375,14676.45,1604.492389,13457.81034,72853.75889,25.58,31.94
"2015-02-03","10:00",47256.5365,66373.5115,4148.725,14968.25,2613.611369,14223.75977,73509.80994,25.09,30.96
"2015-02-04","11:00",47509.09243,67494.06743,5086.05,14898.925,3458.395187,15125.75495,73907.61417,21.87,31.45
"2015-01-06","12:00",48504.01836,67670.34336,4565,14601.325,3676.679668,15690.8444,73737.451,25.56,30.96
"2015-01-07","13:00",48323.1493,67162.1993,3791.4,15047.65,2938.280552,15882.07669,72400.67964,28.94,30.99
"2015-01-08","14:00",48489.54023,66432.01523,2449.775,15492.7,2043.141657,15498.17418,70867.70955,31.75,30.46
"2015-01-09","15:00",48646.01116,65169.91116,1086,15437.9,973.8743527,15240.97255,69532.3697,27.47,30.43
"2015-01-10","16:00",50674.5871,66041.5871,179.375,15187.625,42.60879687,15348.91624,70383.89696,28.34,31.12
"2015-01-11","17:00",55241.51303,69963.26303,0.975,14720.775,0,16031.00137,72792.60142,34.15,36.98
"2015-01-12","18:00",54220.74396,70181.01896,0,15960.275,0,16834.0949,71241.10519,37.18,34.97
"2015-01-13","19:00",51235.41989,67093.79489,0,15858.375,0,17532.66987,68771.17608,34.44,33.13
"2015-01-14","20:00",46857.35583,62954.93083,0,16097.575,0,18177.373,65395.51377,26.02,30.39
"2015-01-15","21:00",43854.49176,60847.36676,0,16992.875,0,18761.60087,62418.44991,20.42,26.32
"2015-01-16","22:00",42456.22769,60325.80269,0,17869.575,0,18892.17886,60515.99799,26.12,26.1
"2015-01-17","23:00",38567.29363,57186.11863,0,18618.825,0,18952.40827,56719.6626,12.52,11.67
"2015-01-18","00:00",33641.40956,52185.93456,0,18544.525,0,20430.59375,52832.67417,7.27,10.07
"2015-01-19","01:00",31325.07049,49145.07049,0,17820,0,19384.62068,50269.88193,5.28,9.84
"2015-01-20","02:00",30651.40143,47819.52643,0,17168.125,0,17089.88282,48632.77912,10.52,7.93
"2015-01-21","03:00",30853.61736,47522.44236,0,16668.825,0,15060.08919,48470.26361,13.11,5.23
"2015-01-22","04:00",31593.14329,47710.91829,0,16117.775,0,13869.63322,48654.52839,10.4,5.18
"2015-01-23","05:00",32590.42422,47489.47422,0,14899.05,0,13720.41776,48169.62421,4.7,8.96
"2015-01-24","06:00",33967.24016,48272.09016,0,14304.85,0,13353.81046,49587.17705,-2.86,8.72
"2015-01-25","07:00",38655.76109,51517.88609,0.525,12861.6,0,12650.90008,53846.05927,13.42,18.4
"2015-01-26","08:00",42836.03202,54824.68202,130.325,11858.325,235.4746584,11870.05605,57386.92073,20.81,26.86
"2015-01-27","09:00",46266.04296,58707.31796,1021.475,11419.8,1043.916745,11198.52222,60400.65324,25.2,29.65
"2015-01-28","10:00",47734.460557,60689.19389,2424.525,10530.208333,2174.985635,10454.97977,62118.52738,27.29,32.02
"2015-01-29","11:00",49805.00982,62026.90982,3349.175,8872.725,2939.09583,9423.426984,62829.86194,28.11,34.96
"2015-01-30","12:00",50600.31575,61384.56575,3314.925,7469.325,3161.555314,8859.974052,62645.68847,35.26,37.32
"2015-01-31","13:00",50154.70169,59850.40169,2593.575,7102.125,2358.897058,8559.122503,60641.11239,42.27,37.2
"2015-02-01","14:00",49803.98262,58524.85762,1685.1,7035.775,1620.503126,8811.257542,59004.26635,46.94,36.38
"2015-02-02","15:00",50654.29855,59459.97355,643.35,8162.325,744.7691945,9141.654794,58039.4256,42.45,34.18
"2015-02-03","16:00",53248.06949,62510.56949,65.625,9196.875,38.79215696,9242.458126,59450.07967,42.3,37.36
"2015-02-04","17:00",55973.78542,66300.48542,0.3,10326.4,0,9494.611926,62644.02931,47.05,43.49
"2015-01-06","18:00",56032.52635,66460.90135,0,10428.375,0,10045.3236,62008.85011,49.62,40.97
"2015-01-07","19:00",54010.90729,64080.05729,0,10069.15,0,9586.051706,59818.28997,42.27,31.92
"2015-01-08","20:00",50484.20322,59743.55322,0,9259.35,0,7931.961052,56650.62603,31.48,29.44
"2015-01-09","21:00",47969.08415,56490.40915,0,8521.325,0,6759.843052,54397.92789,33.53,29.4
"2015-01-10","22:00",48365.81008,55989.58508,0,7623.775,0,5742.822942,53725.6151,33.3,29.03
"2015-01-11","23:00",45481.28102,52519.28102,0,7038,0,5144.005635,50838.27843,31.37,24.3
"2015-01-12","00:00",42399.62695,48487.77695,0,6088.15,0,5435.659158,47688.25059,9.15,19.92
"2015-01-13","01:00",39565.82788,45040.65288,0,5474.825,0,4711.083577,45180.47498,14.2,14.69
"2015-01-14","02:00",38063.77382,43345.44882,0,5281.675,0,4079.833165,43749.00988,6.94,13.33
"2015-01-15","03:00",36926.35475,42318.80475,0,5392.45,0,3513.427897,43666.0957,3.88,10.96
"2015-01-16","04:00",36484.18568,42207.16068,0,5722.975,0,3196.662232,44031.37501,5.27,11.56
"2015-01-17","05:00",35772.05161,41781.97661,0,6009.925,0,3482.491148,43273.45593,6.47,11.66
"2015-01-18","06:00",34087.07255,40690.67255,0,6603.6,0,3900.031603,43456.80631,0.5,11
"2015-01-19","07:00",35188.46848,41740.46848,0.25,6551.75,0,4347.010781,46483.38646,4.97,11.38
"2015-01-20","08:00",37881.23441,45219.28441,81.275,7256.775,149.3267078,4700.534087,49507.18275,7.34,13.77
"2015-01-21","09:00",41626.84035,49725.34035,689.175,7409.325,662.6849359,5153.81239,52539.27891,24.8,27.42
"2015-01-22","10:00",43867.52128,52803.99628,1715.875,7220.6,1576.199392,5329.333061,55079.16484,24.68,30.9
"2015-01-23","11:00",45979.76721,55744.79221,2936.325,6828.7,2138.283109,5112.254365,57301.12148,30.47,32.45
"2015-01-24","12:00",45487.23315,56527.40815,3798.625,7241.55,2316.842171,4879.441848,57686.87202,34.02,32.07
"2015-01-25","13:00",42551.67908,53941.60408,4008.925,7381,2903.151005,4947.487587,55855.1072,26.62,29.91
"2015-01-26","14:00",42024.37501,52087.80001,3059,7004.425,2105.733184,5428.303235,54007.6251,20.63,28.41
"2015-01-27","15:00",44120.03594,51968.83594,1509.525,6339.275,1093.915668,6022.900861,52777.63787,24.45,28.06
"2015-01-28","16:00",47238.30188,53733.55188,267.9,6227.35,77.32971391,6453.43749,54229.61601,33.25,33.16
"2015-01-29","17:00",53349.23281,60228.20781,1.1,6877.875,0,6621.882106,57907.81445,39.46,34.94
"2015-01-30","18:00",54527.05374,62272.30374,0,7745.25,0,7014.704203,58645.91023,41.44,40.13
"2015-01-31","19:00",53530.88468,61855.65968,0,8324.775,0,7513.1958,57798.53558,37.85,38.49
"2015-02-01","20:00",50235.56561,58877.01561,0,8641.45,0,7996.625706,56155.14015,33.39,34.67
"2015-02-02","21:00",47286.40654,56762.13154,0,9475.725,0,8499.534268,55019.86012,28.67,29.4
"2015-02-03","22:00",46763.34748,56391.84748,0,9628.5,0,9041.000368,55218.50426,27.23,28.81
"2015-02-04","23:00",43065.96841,53293.64341,0,10227.675,0,9632.011887,52236.85361,17.52,22.08
"2015-01-06","00:00",38354.46434,49298.73934,0,10944.275,0,9982.172845,48989.86752,5.61,13.84
"2015-01-07","01:00",35459.79527,47247.29527,0,11787.5,0,10655.1005,46921.92454,5.01,11.89
"2015-01-08","02:00",33329.10621,45944.93121,0,12615.825,0,11734.11629,45738.44723,3.21,9.85
"2015-01-09","03:00",30411.83714,44186.28714,0,13774.45,0,13150.58506,46222.84717,0.66,5.09
"2015-01-10","04:00",31004.49307,45678.94307,0,14674.45,0,14409.88213,47588.99984,3.05,3.98
"2015-01-11","05:00",33711.33901,49443.23901,0,15731.9,0,15213.08409,49825.25975,5.32,8.24
"2015-01-12","06:00",38968.98494,56269.73494,0,17300.75,0,15998.27074,56960.56518,14.6,13.21
"2015-01-13","07:00",44470.92087,62336.17087,1.025,17864.225,0,16508.57674,63669.4602,10.54,26.09
"2015-01-14","08:00",46874.3218,65989.4468,279.1,18836.025,529.7318575,16688.82333,66020.25929,18.02,27.71
"2015-01-15","09:00",46974.64274,67844.44274,2091,18778.8,1759.328525,16968.388,67456.26559,28.17,27.82
"2015-01-16","10:00",47052.97867,69921.47867,4002.925,18865.575,3771.482851,17089.55538,69006.67004,27.73,26.06
"2015-01-17","11:00",48194.5496,70843.1746,4941.325,17707.3,4760.510617,17120.93755,69949.52708,26.92,28.04
"2015-01-18","12:00",48868.12554,70464.35054,5135.075,16461.15,4992.489096,17027.07958,69741.1524,27.64,28.11
"2015-01-19","13:00",49413.81647,69032.66647,4618.1,15000.75,3996.324152,16736.41993,69585.78724,29.1,28.16
"2015-01-20","14:00",50058.1524,67541.2024,3481.75,14001.3,2888.64247,16206.88955,68724.90871,30.55,28.14
"2015-01-21","15:00",52165.51334,66739.03834,1517,13056.525,1505.66468,15763.41277,69079.98096,29.93,29
"2015-01-22","16:00",54929.40427,68448.85427,212.5,13306.95,71.20079159,15502.70535,71090.64052,33.88,30.19
"2015-01-23","17:00",58666.2402,73002.4902,0.8,14335.45,0,15442.57555,74140.77913,40.38,31.41
"2015-01-24","18:00",58615.83113,73974.20613,0,15358.375,0,15382.23793,73839.5457,39.63,30.77
"2015-01-25","19:00",57130.52707,72401.00207,0,15270.475,0,15305.89742,71665.74086,32.88,29.48
"2015-01-26","20:00",51966.098,67320.298,0,15354.2,0,15071.72774,68252.90936,28.19,29
"2015-01-27","21:00",49047.95393,64530.75393,0,15482.8,0,14896.29725,65018.87233,26.68,28.34
"2015-01-28","22:00",47507.92487,62872.14987,0,15364.225,0,14623.71119,62403.75477,23.33,26.02
"2015-01-29","23:00",43324.0108,58367.2858,0,15043.275,0,14832.24084,57080.55455,15.16,11.55
"2015-01-30","00:00",40222.57673,55160.50173,0,14937.925,0,16442.56845,53195.68986,10.34,9.26
"2015-01-31","01:00",36786.06266,52540.53766,0,15754.475,0,16687.81622,50687.66361,7.6,7.59
"2015-02-01","02:00",35349.7086,52040.9336,0,16691.225,0,17163.36893,49012.49576,4.08,0.07
"2015-02-02","03:00",35085.55953,52717.40953,0,17631.85,0,17623.3528,49091.81859,0.32,0.07
"2015-02-03","04:00",35733.74046,53331.66546,0,17597.925,0,17412.27971,50173.34989,-0.79,2.05
"2015-02-04","05:00",39333.9564,55968.6814,0,16634.725,0,16832.19703,52157.52717,7.59,6.52
"2015-01-06","06:00",48002.81733,65347.41733,0,17344.6,0,16318.25829,59427.17781,34.91,26.07
"2015-01-07","07:00",56741.12326,73928.27326,1.175,17185.975,0,15992.93182,66078.23855,47.29,31.17
"2015-01-08","08:00",59308.7642,76284.6892,313.55,16662.375,460.355015,15678.27699,67994.44012,50.6,32.91
"2015-01-09","09:00",56688.18513,74900.58513,2504.15,15708.25,1800.768893,15519.75702,69475.40262,51.96,30.92
"2015-01-10","10:00",53856.87606,75353.80106,5962.35,15534.575,4329.503554,15415.47954,70980.96028,52.22,29.99
"2015-01-11","11:00",52143.05199,76725.67699,8553.275,16029.35,5571.126147,14835.74313,71864.56236,41.83,30.91
"2015-01-12","12:00",51123.04293,76501.79293,9913.55,15465.2,5925.618702,14309.68687,71682.78257,35.03,30.09
"2015-01-13","13:00",52592.94386,75445.86886,8538.9,14314.025,4879.439795,13859.4388,70972.85219,27.58,30.84
"2015-01-14","14:00",55714.24979,73943.42479,5762.6,12466.575,3577.25493,13713.60142,69472.83828,29.71,35.81
"2015-01-15","15:00",61012.45573,74740.68073,2531.125,11197.1,1887.144867,13572.24003,70477.42506,39.28,43
"2015-01-16","16:00",63107.01166,75049.93666,381.25,11561.675,97.76087344,13271.46774,72834.61466,50.58,46
"2015-01-17","17:00",65857.18759,78569.01259,1.125,12710.7,0,13263.54722,76262.33733,64.67,54.44
"2015-01-18","18:00",64219.02353,78907.54853,0,14688.525,0,13210.91983,76066.28061,64.24,52.92
"2015-01-19","19:00",61589.81446,77506.36446,0,15916.55,0,13346.41149,73795.81051,56.18,47.99
"2015-01-20","20:00",57466.50539,73518.78039,0,16052.275,0,13427.80103,69934.66627,37.32,34.99
"2015-01-21","21:00",54325.96632,69983.81632,0,15657.85,0,13422.98282,66111.43356,24.1,28.59
"2015-01-22","22:00",52418.36226,66720.91226,0,14302.55,0,13031.67592,62676.12433,23.19,28.14
"2015-01-23","23:00",48675.05819,62238.00819,0,13562.95,0,12524.5189,57197.40392,21.09,20.06
"2015-01-24","00:00",45571.72912,58657.90412,0,13086.175,0,13449.89406,52760.41008,27.09,22.01
"2015-01-25","01:00",43316.87006,55402.32006,0,12085.45,0,13149.7809,50117.6687,20.48,14.61
"2015-01-26","02:00",42814.09599,53797.39599,0,10983.3,0,13220.4938,48558.4433,17.32,12.67
"2015-01-27","03:00",43566.83692,54122.51192,0,10555.675,0,13359.82658,48917.49374,15.59,11.34
"2015-01-28","04:00",43419.32285,54406.14785,0,10986.825,0,13615.70729,50162.95075,23.9,11.37
"2015-01-29","05:00",44825.31379,56756.46379,0,11931.15,0,14157.95445,52153.93418,28.75,22.41
"2015-01-30","06:00",52434.28972,64746.83972,0,12312.55,0,14723.17622,59471.75452,34.09,30.31
"2015-01-31","07:00",59320.04065,72243.11565,0.8,12922.275,0,14991.93296,66227.74563,43.72,46.2
"2015-02-01","08:00",59779.03659,74573.91159,210.175,14584.7,325.1291512,15303.45815,68322.07883,51.3,49.96
"2015-02-02","09:00",56256.06752,73596.06752,1649.175,15690.825,1273.106955,15700.61496,69636.31912,41.69,33.51
"2015-02-03","10:00",53178.35345,74013.90345,4204.8,16630.75,3391.484619,15880.58152,71650.00396,32.54,31.14
"2015-02-04","11:00",50968.13439,75512.65939,6624.025,17920.5,4475.262819,15936.54244,72564.51863,26.73,31.18
"2015-01-06","12:00",48952.89532,74417.69532,7404.85,18059.95,4809.807562,15733.13003,72404.12555,18.13,30.13
"2015-01-07","13:00",49112.90625,73048.23125,6959.525,16975.8,4992.675891,14956.65632,71738.87869,18.05,30.3
"2015-01-08","14:00",52253.22718,71956.92718,5272.4,14431.3,3649.348367,13966.0748,70266.01969,19.86,31.22
"2015-01-09","15:00",58578.61312,73167.76312,2477.325,12111.825,1923.605563,12890.47393,70844.44758,23.33,33.53
"2015-01-10","16:00",65288.75405,76097.57905,421.75,10387.075,119.5172011,11983.77269,73303.00345,32.65,37.68
"2015-01-11","17:00",69658.73998,79498.31498,1.9,9837.675,0,11109.7298,76565.27555,54.97,57.67
"2015-01-12","18:00",69237.75592,78902.33092,0,9664.575,0,10282.61649,76450.97962,59.42,62.96
"2015-01-13","19:00",67699.58092,76736.83092,0,9037.25,0,9471.343487,74321.09988,54.08,50.95
"2015-01-14","20:00",63152.32592,72303.35092,0,9151.025,0,8634.47451,70430.59032,41.64,48.39
"2015-01-15","21:00",60604.99092,69426.59092,0,8821.6,0,7784.724652,66796.98815,37.97,38.97
"2015-01-16","22:00",57854.23592,65658.01092,0,7803.775,0,7031.877619,63483.52475,31.75,35.92
"2015-01-17","23:00",53175.79092,60337.59092,0,7161.8,0,6435.5888,58036.53814,21.39,29.28
"2015-01-18","00:00",48827.57592,55876.05092,0,7048.475,0,6369.692432,53746.9972,22.97,27.18
"2015-01-19","01:00",46201.85592,52873.63092,0,6671.775,0,5910.459703,50922.0231,16.82,26.5
"2015-01-20","02:00",44239.66092,50908.21092,0,6668.55,0,5823.124187,49149.50385,11.61,24.83
"2015-01-21","03:00",44432.54092,51486.49092,0,7053.95,0,5813.186545,49476.38511,16.91,26.66
"2015-01-22","04:00",44452.02092,52711.37092,0,8259.35,0,6130.391368,50602.53029,17.7,27.18
"2015-01-23","05:00",46946.50592,56460.43092,0,9513.925,0,7056.511642,52393.34716,17.78,27.12
"2015-01-24","06:00",54541.72592,66239.95092,0,11698.225,0,8024.775965,59534.40651,21.34,34.65
"2015-01-25","07:00",61136.35092,74505.45092,1.3,13367.8,0,9341.676448,68096.87333,29.26,48
"2015-01-26","08:00",62008.90592,77139.43092,242.275,14888.25,391.2131109,10989.82347,71882.04172,34.43,56.97
"2015-01-27","09:00",58702.50592,76480.63092,1504.8,16273.325,1403.064256,12578.82452,72904.63468,20.55,47.92
"2015-01-28","10:00",56769.88592,78358.21092,3177.7,18410.625,3555.374196,14429.29106,74685.38459,20.52,38.46
"2015-01-29","11:00",54325.69092,79198.79092,4579.825,20293.275,4532.297155,16251.20508,75717.611,23.84,33.5
"2015-01-30","12:00",52364.48592,78431.41092,5023.925,21043,4822.287407,18015.21796,75693.94236,22.79,30.4
"2015-01-31","13:00",50196.04092,76508.69092,4491.075,21821.575,4066.576723,19316.42103,74519.75734,21.26,30.28
"2015-02-01","14:00",51851.76092,77022.31092,3280.825,21889.725,2981.416216,20056.20929,73124.07957,21.41,29.86
"2015-02-02","15:00",51949.77092,76141.47092,1456.4,22735.3,1595.147179,20451.40367,73207.56515,26.47,30.1
"2015-02-03","16:00",53177.94592,76354.97092,218.875,22958.15,113.3410764,21306.91362,74799.59489,27.81,30.57
"2015-02-04","17:00",54702.29592,79295.17092,0.925,24591.95,0,22761.21729,77752.79737,28.91,31.2
"2015-01-06","18:00",53753.64592,78557.07092,0,24803.425,0,23681.73496,77545.33745,28.1,30.59
"2015-01-07","19:00",52188.59592,76605.07092,0,24416.475,0,23852.44345,75592.94396,23.89,29.97
"2015-01-08","20:00",49446.09092,72848.69092,0,23402.6,0,23961.45925,72222.20072,26.77,29.29
"2015-01-09","21:00",47176.17592,70595.35092,0,23419.175,0,23853.93469,68880.6762,28.23,27.87
"2015-01-10","22:00",44803.33592,67640.51092,0,22837.175,0,23465.497,66124.65149,29.34,19.77
"2015-01-11","23:00",41189.78092,63127.73092,0,21937.95,0,23449.84556,59919.16643,26.17,8.26
"2015-01-12","00:00",37788.87592,59188.35092,0,21399.475,0,22391.17438,56668.96939,21.52,8.3
"2015-01-13","01:00",36550.83592,57185.11092,0,20634.275,0,21426.3937,53936.2734,20.17,8.99
"2015-01-14","02:00",34790.64092,55000.09092,0,20209.45,0,20930.30321,52021.33448,12.4,7.74
"2015-01-15","03:00",35506.99592,55108.67092,0,19601.675,0,20278.72019,52150.56909,15.43,8.91
"2015-01-16","04:00",37005.58092,56301.83092,0,19296.25,0,19617.96935,52912.70409,13.71,8.23
"2015-01-17","05:00",39352.89592,58256.27092,0,18903.375,0,19113.18291,54906.18736,22.3,11.98
"2015-01-18","06:00",46100.45092,65172.45092,0,19072,0,18717.85552,61822.33916,38.94,28.68
"2015-01-19","07:00",54419.17092,73030.47092,0.525,18610.775,0,18244.56518,69659.38318,43.41,32.57
"2015-01-20","08:00",56450.69092,75459.49092,222.725,18786.075,229.9442097,17874.18965,73214.05857,38.14,32.92
"2015-01-21","09:00",53828.80092,74743.35092,1763.825,19150.725,1034.515319,17605.93421,73559.19062,34.11,31.24
"2015-01-22","10:00",51553.55592,74534.73092,4395.85,18585.325,2775.903226,17796.01863,74348.82207,30.53,30.8
"2015-01-23","11:00",50795.50592,75949.93092,6213.15,18941.275,3719.259789,18351.96275,74876.65874,28.91,30.63
"2015-01-24","12:00",51011.70092,76250.05092,6307.725,18930.625,4020.158516,18719.6912,74918.98049,27.31,30.17
"2015-01-25","13:00",52093.46592,75782.79092,5407.05,18282.275,3260.958925,18214.11601,73268.91331,28.46,30.23
"2015-01-26","14:00",53661.76592,74629.89092,3979.275,16988.85,2323.441459,16078.31139,70912.25333,29.89,30.58
"2015-01-27","15:00",58660.85092,75438.75092,2224.925,14552.975,1166.404486,13741.02658,70894.16981,30.34,36.77
"2015-01-28","16:00",63234.86592,76606.29092,461.55,12909.875,128.5269549,12282.66628,73305.5927,33.24,42.55
"2015-01-29","17:00",67039.39592,78996.27092,1.475,11955.4,0,11399.63785,76991.19638,48.67,50.07
"2015-01-30","18:00",66991.28592,78077.61092,0,11086.325,0,10639.72508,76702.34199,50.74,55.02
"2015-01-31","19:00",65592.71092,76796.61092,0,11203.9,0,10121.71472,74004.0138,40.61,39.18
"2015-02-01","20:00",61925.76092,72490.01092,0,10564.25,0,9785.845884,69888.55841,37.82,33.57
"2015-02-02","21:00",58462.19592,68443.27092,0,9981.075,0,9261.236597,66638.68817,33.05,30.51
"2015-02-03","22:00",56150.29592,65942.27092,0,9791.975,0,8761.602019,64417.60277,32.84,30.57
"2015-02-04","23:00",52462.80592,61926.03092,0,9463.225,0,8202.058442,59921.92627,29.62,29.28
"2015-01-06","00:00",50186.88592,59545.81092,0,9358.925,0,8667.361855,55092.13528,33.87,29.22
"2015-01-07","01:00",47586.77592,56260.35092,0,8673.575,0,8371.882713,51989.36273,28.8,28.17
"2015-01-08","02:00",46012.38092,54380.33092,0,8367.95,0,8071.329835,49777.33622,24.48,27.21
"2015-01-09","03:00",45825.59092,54219.29092,0,8393.7,0,7880.95519,49632.50085,22.76,27.09
"2015-01-10","04:00",46244.66592,54158.29092,0,7913.625,0,7651.185074,49723.78858,26.36,26.76
"2015-01-11","05:00",45417.14592,53156.67092,0,7739.525,0,7558.573519,49594.48802,24.11,27.91
"2015-01-12","06:00",45741.46592,53956.99092,0,8215.525,0,7352.204581,51230.71037,24.04,28.01
"2015-01-13","07:00",48618.41092,57392.51092,0.975,8773.125,0,7224.529477,55711.0548,27.21,30.31
"2015-01-14","08:00",51402.36592,61325.79092,281.575,9641.85,378.3075435,7139.168674,60252.24388,35.42,35.05
"2015-01-15","09:00",52247.18092,64067.13092,1921.025,9898.925,1396.870851,7133.037616,63293.52362,36.09,36.97
"2015-01-16","10:00",51753.17092,65368.87092,3880.425,9735.275,3485.941017,7078.528532,64996.3773,31.58,37.16
"2015-01-17","11:00",51392.59092,66876.79092,5041.15,10443.05,4533.119558,7143.848752,65629.02624,29.19,35.45
"2015-01-18","12:00",50875.21092,67061.01092,5041.675,11144.125,4846.982805,7196.248145,65191.13154,30.09,39.89
"2015-01-19","13:00",50163.72092,66607.17092,3973.2,12470.25,3125.805724,7860.405816,62992.40212,27.65,31.34
"2015-01-20","14:00",49163.75592,64329.43092,2567.1,12598.575,2237.425594,9491.547581,61155.23929,24.29,31.12
"2015-01-21","15:00",48831.54092,63259.49092,1072.15,13355.8,1140.303185,11236.88485,61372.21443,22.93,30.5
"2015-01-22","16:00",49889.23592,63962.21092,140.975,13932,114.0969089,12240.3317,63856.87269,27.24,30.78
"2015-01-23","17:00",51509.95092,67118.35092,2.975,15605.425,0,12970.50494,67674.21641,30.03,33.18
"2015-01-24","18:00",49834.15092,67179.35092,0,17345.2,0,14177.15135,67881.6095,30.52,31.25
"2015-01-25","19:00",44578.36592,63942.69092,0,19364.325,0,15610.45255,65404.39254,25.24,33.63
"2015-01-26","20:00",39568.17592,59212.75092,0,19644.575,0,17699.32761,62122.98583,24,29.27
"2015-01-27","21:00",38369.25592,57735.33092,0,19366.075,0,19086.09106,60298.29227,22,24.55
"2015-01-28","22:00",37933.78592,56916.71092,0,18982.925,0,18825.76632,60098.72956,16.33,15.93
"2015-01-29","23:00",34790.59092,53481.19092,0,18690.6,0,18206.86938,56395.33755,9.6,11.12
"2015-01-30","00:00",33157.79592,51259.57092,0,18101.775,0,17195.90038,53285.83273,9.04,1.81
"2015-01-31","01:00",30771.20092,48800.05092,0,18028.85,0,17002.00809,50275.37359,4.67,2.14
"2015-02-01","02:00",29345.93092,46877.33092,0,17531.4,0,16649.55232,48227.81983,1.33,0.04
"2015-02-02","03:00",29363.97592,46305.15092,0,16941.175,0,16406.64167,47606.26833,-1.88,0.11
"2015-02-03","04:00",30836.80592,46938.33092,0,16101.525,0,15752.54948,47391.51463,8.38,6.78
"2015-02-04","05:00",30579.43092,46017.23092,0,15437.8,0,14419.33174,46571.29277,7.76,6.73
"2015-01-06","06:00",30621.63592,45424.31092,0,14802.675,0,13531.32087,46443.38837,4.26,0.9
"2015-01-07","07:00",32409.32092,45989.17092,0.9,13578.95,0,12753.8728,48752.61785,11.48,8.98
"2015-01-08","08:00",36391.45092,49227.05092,393.3,12442.3,352.7183965,12355.30713,51843.29041,13.25,11.77
"2015-01-09","09:00",38946.38592,53073.71092,2670.125,11457.2,1491.991917,11988.45567,54460.22965,19.42,13.01
"2015-01-10","10:00",39163.19092,55695.49092,5764.05,10768.25,4320.681981,11514.60951,56429.92084,23.62,13.48
"2015-01-11","11:00",39149.47092,58250.17092,8519.875,10580.825,5662.592631,10837.91261,59201.62268,26.82,19.91
"2015-01-12","12:00",39385.71592,59642.19092,9511.9,10744.575,6117.550179,10041.79858,59795.70207,26.24,19.03
"2015-01-13","13:00",39392.28092,58327.03092,8632.475,10302.275,6485.619364,9368.004365,58381.97363,20.63,13.93
"2015-01-14","14:00",41297.16592,56756.89092,6426.65,9033.075,4814.411912,8525.839316,56945.43811,18.19,25.7
"2015-01-15","15:00",44969.89092,55414.89092,3288.225,7156.775,2622.198457,7750.445165,57134.3898,18.12,27.07
"2015-01-16","16:00",50580.56592,57574.29092,664.425,6329.3,189.3061313,7129.331739,60019.71392,21.96,31.11
"2015-01-17","17:00",57198.04092,63186.29092,11,5977.25,0,6450.753784,64236.31316,32.44,39.66
"2015-01-18","18:00",60549.75592,65903.23092,0,5353.475,0,5872.45509,66038.66592,38.7,41.96
"2015-01-19","19:00",59081.72592,64220.85092,0,5139.125,0,5294.598194,65026.52427,36.67,46.09
"2015-01-20","20:00",57104.94092,62198.09092,0,5093.15,0,4682.115674,63092.61306,25.67,37.35
"2015-01-21","21:00",54719.23092,59632.43092,0,4913.2,0,4085.5547,61729.14321,24.5,32.85
"2015-01-22","22:00",56460.73592,60753.61092,0,4292.875,0,3836.611597,61942.21388,30.56,37.62
"2015-01-23","23:00",53700.07592,57931.75092,0,4231.675,0,3723.904429,58372.53769,26.22,32.17
"2015-01-24","00:00",46839.36092,51018.01092,0,4178.65,0,4332.780581,56205.5797,31.33,26
"2015-01-25","01:00",44200.49592,48447.47092,0,4246.975,0,4170.802481,54164.34247,33.53,27.86
"2015-01-26","02:00",43440.16592,47643.49092,0,4203.325,0,4068.239516,53227.0817,30.81,27.6
"2015-01-27","03:00",43136.64592,48136.37092,0,4999.725,0,4195.731387,53478.01653,29.88,25.95
"2015-01-28","04:00",44531.46592,50138.39092,0,5606.925,0,4544.790387,54616.81924,29.19,25.91
"2015-01-29","05:00",47685.37592,53759.35092,0,6073.975,0,5129.169984,57650.38981,31.33,26.71
"2015-01-30","06:00",57173.54092,64107.39092,0,6933.85,0,5893.945919,66651.5561,41.8,33.11
"2015-01-31","07:00",65719.05592,73821.03092,1.4,8100.575,0,6439.293477,74318.93583,55.07,50.84
"2015-02-01","08:00",67621.05592,76596.53092,267.95,8707.525,520.5000692,6860.953352,77008.7715,51.76,49.09
"2015-02-02","09:00",65309.45092,75835.25092,1582.075,8943.725,1745.220879,7330.819023,77059.63358,51.59,39.92
"2015-02-03","10:00",64481.64592,76165.87092,3358.6,8325.625,3931.428739,7321.187835,77170.33334,47.08,37.3
"2015-02-04","11:00",64721.37592,76982.05092,4435.775,7824.9,5049.823755,6597.079535,78295.93311,48.76,39.94
"2015-01-06","12:00",64494.82592,76219.55092,4835.075,6889.65,5380.314527,5954.325671,78034.52854,53.61,39.88
"2015-01-07","13:00",66274.73092,76181.73092,3980.4,5926.6,3938.061784,5435.771187,78001.60758,58.23,45.22
"2015-01-08","14:00",68032.09592,75250.87092,2457.225,4761.55,2900.087451,5195.737542,77215.12466,60.03,48.39
"2015-01-09","15:00",69000.52092,74116.27092,899.275,4216.475,1548.804542,4863.2926,76415.54775,56,48.78
"2015-01-10","16:00",69922.39592,73658.77092,147.45,3588.925,113.0047823,4432.987081,77019.14744,58.39,57.93
"2015-01-11","17:00",73839.49092,77472.49092,4.175,3628.825,0,4230.246558,79508.87538,66.33,62.9
"2015-01-12","18:00",73318.50092,77305.35092,0,3986.85,0,4116.119713,79014.84485,70.03,64.41
"2015-01-13","19:00",71125.86092,75027.61092,0,3901.75,0,4129.039671,76702.27949,60.85,60.71
"2015-01-14","20:00",67253.46592,70731.99092,0,3478.525,0,3994.399626,72738.7615,48.47,51.62
"2015-01-15","21:00",63267.33092,66348.53092,0,3081.2,0,3747.386235,69365.16711,40.93,43.31
"2015-01-16","22:00",60410.03592,63266.81092,0,2856.775,0,3397.242194,66441.50673,37.64,40.15
"2015-01-17","23:00",55806.57092,58250.17092,0,2443.6,0,2977.992926,62730.73395,33.2,33.14
"2015-01-18","00:00",52629.42592,54784.15092,0,2154.725,0,2330.95599,58731.88231,31.45,31.14
"2015-01-19","01:00",49396.36092,51384.01092,0,1987.65,0,2131.929484,56247.38002,29.72,29.65
"2015-01-20","02:00",48245.12592,50215.25092,0,1970.125,0,2121.441332,54664.97804,27.87,29.56
"2015-01-21","03:00",48849.86092,50664.21092,0,1814.35,0,2159.800345,54736.86065,27.23,29.15
"2015-01-22","04:00",50287.79592,52089.17092,0,1801.375,0,2225.630629,55788.14211,26.57,29.37
"2015-01-23","05:00",53766.42592,55552.75092,0,1786.325,0,2146.308119,58164.72259,25.16,30.34
"2015-01-24","06:00",63089.66592,64808.89092,0,1719.225,0,2165.533287,66078.85157,33.22,36.98
"2015-01-25","07:00",71046.82092,72554.67092,0.5,1507.35,0,2104.558765,72823.89317,49.53,60.09
"2015-01-26","08:00",73558.24092,75062.99092,106.225,1398.525,192.0870528,1923.541142,75158.46259,61.13,65.94
"2015-01-27","09:00",71386.62592,73572.15092,752.425,1433.1,860.1609281,1835.857248,75547.05109,60.78,66.06
"2015-01-28","10:00",70760.65592,74138.23092,2006.875,1370.7,2068.283159,1592.376603,75840.96093,60.09,66.95
"2015-01-29","11:00",70652.36092,74618.91092,2981.7,984.85,2809.200799,1297.846671,77161.83285,57.4,67.51
"2015-01-30","12:00",70378.497586667,74327.33092,3252.875,695.958333333,3062.158605,1093.732826,77263.93335,58.12,60.02
"2015-01-31","13:00",70412.31592,73879.59092,2925.075,542.2,2335.459499,996.9566935,76895.85551,57.45,55.01
"2015-02-01","14:00",70535.73592,73173.21092,2132.775,504.7,1687.756891,1000.959581,76084.44612,55.22,52.54
"2015-02-02","15:00",70708.65592,72357.03092,1043.775,604.6,874.1121996,1035.318258,75522.39244,55.12,51.86
"2015-02-03","16:00",71162.60592,72314.33092,192,959.725,77.19588936,1085.003226,76096.62165,57.07,55.88
"2015-02-04","17:00",75090.96592,76508.69092,5.4,1412.325,0,1106.750752,79080.98282,66.75,70.68
"2015-01-06","18:00",74419.64092,76069.49092,0,1649.85,0,1178.063361,79012.24129,63.82,68
"2015-01-07","19:00",72779.36592,74300.49092,0,1521.125,0,1206.169503,76701.30074,57.69,53.7
"2015-01-08","20:00",66972.87092,68431.07092,0,1458.2,0,1247.130032,72471.22896,51.28,54.94
"2015-01-09","21:00",63566.39092,64991.89092,0,1425.5,0,1292.082194,68773.65969,46.52,45.14
"2015-01-10","22:00",60387.53592,61802.81092,0,1415.275,0,1294.966613,65511.55475,46.61,42.94
"2015-01-11","23:00",55788.97592,57291.25092,0,1502.275,0,1287.156084,61035.31168,35.39,31
"2015-01-12","00:00",51832.72592,53368.95092,0,1536.225,0,1311.255577,55541.77605,34.36,32.33
"2015-01-13","01:00",49521.10592,51037.53092,0,1516.425,0,1374.914784,53023.06376,32.94,30.66
"2015-01-14","02:00",48297.42592,49727.25092,0,1429.825,0,1557.286816,51676.59633,30.25,29.92
"2015-01-15","03:00",36721.95592,38227.53092,0,1505.575,0,1758.114503,52341.44328,31.04,29.63
"2015-01-16","04:00",50191.40092,51721.95092,0,1530.55,0,1820.208877,53963.94933,30.14,29.54
"2015-01-17","05:00",53382.29592,54907.37092,0,1525.075,0,1857.653306,56850.44325,32.36,30.65
"2015-01-18","06:00",62159.10592,63768.23092,0,1609.125,0,1872.323423,65237.01258,39.43,39.94
"2015-01-19","07:00",69692.36092,71428.61092,1.125,1735.125,0,1933.074913,72708.97268,54.49,55.67
"2015-01-20","08:00",71562.23592,73929.61092,184.15,2183.225,267.9850121,1971.132626,76044.0105,56.9,62.65
"2015-01-21","09:00",69713.57592,73620.95092,1402.3,2505.075,1019.475674,2112.836123,76054.59575,52.56,58.07
"2015-01-22","10:00",63022.01592,69396.09092,3697.725,2676.35,3456.391841,2261.92139,76511.75168,47.21,55.47
"2015-01-23","11:00",65531.82592,74627.45092,6312.7,2782.925,4464.721287,2512.630852,77694.58174,46.42,53.9
"2015-01-24","12:00",64571.12092,74061.37092,6825.75,2664.5,4801.039323,2886.335168,77667.28443,46.53,54.16
"2015-01-25","13:00",64767.80092,73322.05092,5744.025,2810.225,4567.356309,3078.479997,77197.20625,47.53,54.35
"2015-01-26","14:00",65270.65092,72754.75092,4318.4,3165.7,3437.442539,3203.860632,76042.79482,52.14,50.75
"2015-01-27","15:00",66982.11092,72660.81092,2064.4,3614.3,1941.424683,3367.963142,74636.15641,56.88,50.51
"2015-01-28","16:00",68896.46592,73501.39092,335.55,4269.375,200.5308417,3719.927026,75150.95368,60.4,52.1
"2015-01-29","17:00",72325.67592,77226.05092,9.85,4890.525,0,4402.600874,78476.12842,60.58,56.49
"2015-01-30","18:00",71747.40092,77067.45092,0,5320.05,0,5237.953032,78887.15618,61.43,62.96
"2015-01-31","19:00",68713.34092,74721.39092,0,6008.05,0,5950.344187,76565.61168,56.83,61.29
"2015-02-01","20:00",63712.35592,69947.53092,0,6235.175,0,6161.966768,72258.26843,49.22,47
"2015-02-02","21:00",60762.07592,67270.85092,0,6508.775,0,6529.829232,68502.84104,37.1,35.45
"2015-02-03","22:00",58844.62092,65210.27092,0,6365.65,0,6760.874358,65142.48482,32.85,32.53
"2015-02-04","23:00",54025.95592,60498.63092,0,6472.675,0,6575.893648,60797.84207,28.82,30.51
"2015-01-06","00:00",49568.74592,56096.87092,0,6528.125,0,6586.065839,55362.76984,27.39,30.06
"2015-01-07","01:00",46962.56592,53505.59092,0,6543.025,0,6591.497368,52601.56794,26.3,28.92
"2015-01-08","02:00",45527.20592,52513.73092,0,6986.525,0,6604.31141,50878.23504,22.31,25.6
"2015-01-09","03:00",45755.88592,53061.51092,0,7305.625,0,6731.655416,51351.74882,19.58,21.42
"2015-01-10","04:00",46972.30592,53971.63092,0,6999.325,0,6807.687835,52760.02344,27.45,25.54
"2015-01-11","05:00",50499.58592,57172.91092,0,6673.325,0,6935.017745,55878.17266,27.41,28.66
"2015-01-12","06:00",59655.65592,66482.73092,0,6827.075,0,7079.377084,64305.41819,44.21,33.35
"2015-01-13","07:00",66809.67592,73389.15092,1.1,6578.375,2.899095163,7183.53049,71518.5378,54.29,50.09
"2015-01-14","08:00",70877.43592,77437.11092,181.025,6378.65,201.6983327,7242.212255,74631.86154,54.83,48.34
"2015-01-15","09:00",69495.74592,76910.07092,968.15,6446.175,776.3639115,7496.51761,74579.74614,56.72,51.57
"2015-01-16","10:00",68747.82592,77195.55092,2246.4,6201.325,1652.626976,7373.718448,74887.30504,53.01,50.84
"2015-01-17","11:00",68198.03592,77156.51092,3156.6,5801.875,2232.129864,7016.514835,76080.15819,52.61,52.2
"2015-01-18","12:00",67678.61092,76448.91092,3125.175,5645.125,2432.227545,6672.87419,75960.87975,52.14,51.52
"2015-01-19","13:00",67385.73092,75736.43092,2498.45,5852.25,2119.937302,6393.929326,75280.71856,52.04,51.45
"2015-01-20","14:00",66498.58592,74606.71092,1725.875,6382.25,1534.448686,6132.238219,74611.8756,52.53,50.07
"2015-01-21","15:00",65544.64092,73879.59092,887,7447.95,794.2159228,6037.864184,73617.63111,48.9,47.79
"2015-01-22","16:00",65884.16092,74216.31092,176.95,8155.2,127.5517622,6076.675055,74019.14385,47.63,47.27
"2015-01-23","17:00",70404.58592,78602.21092,6.8,8190.825,0,6311.680984,76856.79315,49.83,50.05
"2015-01-24","18:00",69310.46592,77466.39092,0,8155.925,0,6778.823042,76985.18172,43.76,52.76
"2015-01-25","19:00",66635.92592,75518.05092,0,8882.125,0,7068.515929,74318.08401,42.22,46
"2015-01-26","20:00",60968.85592,70350.13092,0,9381.275,0,7169.569842,69948.28028,34.15,39.11
"2015-01-27","21:00",58452.84592,67717.37092,0,9264.525,0,7264.957842,66004.05263,28.96,32.2
"2015-01-28","22:00",56494.81092,64816.21092,0,8321.4,0,7178.117745,62693.67368,28.43,33.24
"2015-01-29","23:00",51423.02592,58913.85092,0,7490.825,0,7257.375284,58412.20093,26.2,29.98
"2015-01-30","00:00",47885.17592,54729.25092,0,6844.075,0,8198.288803,54148.69824,30.27,29.53
"2015-01-31","01:00",46146.30592,52281.93092,0,6135.625,0,7881.2314,50414.0095,27.99,28.17
"2015-02-01","02:00",45082.03092,50885.03092,0,5803,0,7556.541255,47656.82772,26.14,19.58
"2015-02-02","03:00",45485.88092,51464.53092,0,5978.65,0,7143.242245,48350.8018,30.11,20.43
"2015-02-03","04:00",46484.03592,52848.01092,0,6363.975,0,7073.244213,49773.51123,31.17,27.54
"2015-02-04","05:00",49540.43592,56288.41092,0,6747.975,0,7277.681245,53731.08688,33.61,29.12
"2015-01-06","06:00",58647.16592,64888.19092,0,6241.025,0,7480.397416,62587.87676,43.43,34.03
"2015-01-07","07:00",66164.95092,72138.65092,1.025,5972.675,0,7222.459568,69711.94772,48.33,48.97
"2015-01-08","08:00",70726.42592,76817.35092,114.475,5976.45,233.7366187,6732.914561,73342.76661,55.17,49.96
"2015-01-09","09:00",69766.79592,76446.47092,1000.325,5679.35,975.4306809,6305.439652,72782.39399,51.11,47.71
"2015-01-10","10:00",68361.50092,75981.65092,2498.7,5121.45,2623.201092,5830.308987,72190.11166,46.99,47.91
"2015-01-11","11:00",68458.86092,76717.31092,3504.025,4754.425,3538.218332,5208.235245,73263.89355,46.1,47.96
"2015-01-12","12:00",65914.50592,74162.63092,3844.925,4403.2,3868.697034,4532.773794,73427.52023,48.1,48.68
"2015-01-13","13:00",64907.81092,72660.81092,3888.275,3864.725,3857.262075,4191.239539,72134.8363,50.57,46.17
"2015-01-14","14:00",64567.84592,71017.47092,3181.625,3268,2901.605812,4004.133519,70551.90543,48.02,42.32
"2015-01-15","15:00",65095.94592,70096.37092,2034.65,2965.775,1645.492304,3785.108555,69346.87305,42.95,41.46
"2015-01-16","16:00",66410.89592,70285.47092,542.875,3331.7,253.6745208,3997.750674,70270.43385,51.66,46.86
"2015-01-17","17:00",71143.95092,75328.95092,12.825,4172.175,0.510427538,4592.002274,73942.65696,53.47,49.41
"2015-01-18","18:00",70494.68592,75540.01092,0,5045.325,0,5203.718035,74150.00702,52.09,52.75
"2015-01-19","19:00",66222.62092,71700.67092,0,5478.05,0,5619.819584,71104.81534,51.32,49.43
"2015-01-20","20:00",61552.06592,67114.69092,0,5562.625,0,5746.793542,66411.4587,41.68,43.74
"2015-01-21","21:00",58883.34592,64106.17092,0,5222.825,0,5909.984361,63074.78421,32.47,33.33
"2015-01-22","22:00",58199.17092,62977.67092,0,4778.5,0,5879.029123,60767.94694,37.8,34.45
"2015-01-23","23:00",54990.35592,59382.33092,0,4391.975,0,5778.698435,56567.33407,34.19,30.44
"2015-01-24","00:00",51174.01092,55281.91092,0,4107.9,0,4967.371842,52364.30281,35.74,30.5
"2015-01-25","01:00",48152.16592,52163.59092,0,4011.425,0,4775.095613,49054.51985,33.92,29.79
"2015-01-26","02:00",45517.27592,49178.25092,0,3660.975,0,4500.049432,46781.14241,31.21,28.58
"2015-01-27","03:00",45389.01592,49058.69092,0,3669.675,0,4267.127784,47047.01741,31.28,26.79
"2015-01-28","04:00",45321.99592,48886.67092,0,3564.675,0,4299.611484,47548.05044,30.58,28.57
"2015-01-29","05:00",45857.62592,49275.85092,0,3418.225,0,4556.082419,48249.93408,30.96,28.37
"2015-01-30","06:00",46572.29592,50460.47092,0,3888.175,0,4818.178806,50575.75767,31.25,28.55
"2015-01-31","07:00",49793.94592,53992.37092,3.05,4195.375,2.586943923,5050.931452,54531.55545,34.57,30.25
"2015-02-01","08:00",54211.98092,59132.23092,255.8,4664.45,573.0419121,5293.321226,59488.71909,41.91,33.34
"2015-02-02","09:00",55295.23092,62243.23092,2113.025,4834.975,1940.144743,5506.736774,61900.28944,45.09,39.96
"2015-02-03","10:00",55045.33092,63896.33092,4673.9,4177.1,4047.68827,5417.246581,62690.88418,42.21,35.17
"2015-02-04","11:00",53842.42592,64031.75092,6526.475,3662.85,5308.396958,4881.649516,63618.58524,38.63,32.44
"2015-01-06","12:00",52918.33092,63835.33092,7526.125,3390.875,5721.712523,4542.410194,63307.03677,36.78,31.28
"2015-01-07","13:00",51002.21092,61650.31092,6790.975,3857.125,5097.064411,4870.72471,61202.58058,33.8,30.89
"2015-01-08","14:00",50709.82592,60182.65092,4856.475,4616.35,3839.926164,6110.923287,59696.16381,36.62,30.68
"2015-01-09","15:00",52113.64092,60246.09092,2255.725,5876.725,2136.991589,7575.834055,59154.83331,37.69,30.88
"2015-01-10","16:00",53288.06592,61392.89092,446.925,7657.9,270.8341582,9284.562645,60732.90998,41.07,33.17
"2015-01-11","17:00",58172.28592,67366.01092,14.825,9178.9,0.476921254,11163.9233,64996.87874,44.32,42.92
"2015-01-12","18:00",58085.75092,68246.85092,0,10161.1,0,13189.39866,66082.48612,43.8,44.92
"2015-01-13","19:00",54893.24092,65650.69092,0,10757.45,0,14374.06538,63239.03191,41.47,39.72
"2015-01-14","20:00",50537.73092,62243.23092,0,11705.5,0,14646.77582,59063.55311,38.1,30.21
"2015-01-15","21:00",47626.08592,60229.01092,0,12602.925,0,14717.96198,56742.01201,36.44,28.63
"2015-01-16","22:00",46605.78592,59442.11092,0,12836.325,0,14685.96237,56054.60847,36.34,30.18
"2015-01-17","23:00",43269.05592,56240.83092,0,12971.775,0,14553.87337,52718.8105,25.15,19.07
"2015-01-18","00:00",40241.57592,53606.85092,0,13365.275,0,12688.62445,49198.14332,11.76,15.88
"2015-01-19","01:00",37401.43092,51208.33092,0,13806.9,0,12879.64035,46044.18963,7.3,10.04
"2015-01-20","02:00",35551.17592,49739.45092,0,14188.275,0,13364.15642,43927.70536,2.89,10.06
"2015-01-21","03:00",34058.94092,48717.09092,0,14658.15,0,13649.14455,43849.17892,3.63,9.48
"2015-01-22","04:00",33275.35592,47950.93092,0,14675.575,0,13959.81445,44231.16694,-1.12,10.01
"2015-01-23","05:00",32758.80592,47133.53092,0,14374.725,0,13935.42012,44635.48964,-0.14,9.49
"2015-01-24","06:00",31779.74092,46636.99092,0,14857.25,0,13957.728,45564.52804,1.36,8.52
"2015-01-25","07:00",33583.46592,48924.49092,2.575,15338.45,2.481365695,13806.73812,48112.27387,2.62,9.66
"2015-01-26","08:00",36338.49592,52558.87092,248.4,15971.975,529.3637338,13284.40909,52277.42263,6.47,13.32
"2015-01-27","09:00",38698.29592,55816.27092,1193.65,15924.325,1673.211842,13158.01917,54751.98323,9.36,29.76
"2015-01-28","10:00",40827.60092,58944.35092,2689.825,15426.925,4365.095552,12416.12744,56275.41476,10.72,30.06
"2015-01-29","11:00",43199.82092,62050.47092,3690.9,15159.75,5590.075989,11187.26304,58414.85646,15,31.6
"2015-01-30","12:00",44199.37092,62416.47092,4281.85,13935.25,5999.787398,9984.995665,58236.20249,21.51,30.78
"2015-01-31","13:00",42895.48592,60198.51092,3863.975,13439.05,5964.251361,9206.123187,56227.7259,25.09,29.07
"2015-02-01","14:00",42992.43592,58551.51092,2716.55,12842.525,4574.969684,8884.838058,54613.23682,25.08,26.1
"2015-02-02","15:00",44163.88092,58083.03092,1350.2,12568.95,2674.983717,8511.968252,54026.54855,27.47,27.42
"2015-02-03","16:00",46418.18092,58802.83092,314.45,12070.2,299.9548718,8513.4038,55687.89717,28.55,29.67
"2015-02-04","17:00",51637.77592,63421.75092,10.525,11773.45,0.456328351,8705.130319,60215.04634,35.66,39.85
"2015-01-06","18:00",53624.54592,64392.87092,0,10768.325,0,8802.97549,62805.24915,41.49,44.95
"2015-01-07","19:00",53177.62592,63250.95092,0,10073.325,0,8783.392235,61132.49527,34.57,39.22
"2015-01-08","20:00",51903.35092,61030.55092,0,9127.2,0,8367.016003,58251.32198,34.38,32.26
"2015-01-09","21:00",50890.99592,59470.17092,0,8579.175,0,7927.532568,57214.43649,34.48,34.99
"2015-01-10","22:00",52088.34092,59916.69092,0,7828.35,0,7599.315948,57576.66079,37.68,40.09
"2015-01-11","23:00",49129.77092,56371.37092,0,7241.6,0,7205.192713,53780.93615,32.41,30.33
"2015-01-12","00:00",45889.03592,52506.41092,0,6617.375,0,7131.081352,52155.12839,31.37,26.71
"2015-01-13","01:00",44450.24092,50394.59092,0,5944.35,0,6989.997158,49455.70527,25.96,25.27
"2015-01-14","02:00",43791.03592,49419.81092,0,5628.775,0,6868.34719,47940.90091,20.69,20.72
"2015-01-15","03:00",44198.71592,49632.09092,0,5433.375,0,6762.819971,48434.46337,17.3,13.95
"2015-01-16","04:00",45845.75592,50891.13092,0,5045.375,0,6699.807132,50027.2163,20.06,13.14
"2015-01-17","05:00",49817.66592,54810.99092,0,4993.325,0,6492.37781,54111.25344,29.27,25.5
"2015-01-18","06:00",59968.47592,64727.15092,0,4758.675,0,6298.793787,63928.91053,52.81,45.93
"2015-01-19","07:00",67671.22092,71908.07092,0.525,4236.325,2.437707949,6251.654529,71975.81801,74.42,71.97
"2015-01-20","08:00",71420.22592,75457.05092,117.625,3919.2,225.9248996,6304.249142,76060.74853,79.9,63.12
"2015-01-21","09:00",72208.189253333,76492.83092,466.15,3818.491666667,803.5681873,6301.876565,76232.95928,83.5,64.4
"2015-01-22","10:00",72514.95092,77402.95092,961.625,3926.375,1713.208387,6177.797626,76357.70459,81.4,62.93
"2015-01-23","11:00",73127.01092,77925.11092,1282.025,3516.075,2291.439283,5895.125935,77105.34549,83.56,64.44
"2015-01-24","12:00",72530.98092,77011.33092,1287.65,3192.7,2488.758155,5592.793632,76578.05984,74.85,59.61
"2015-01-25","13:00",72569.27592,76561.15092,1068.5,2923.375,1922.860762,5402.598848,76457.84065,70.09,58.04
"2015-01-26","14:00",71871.10092,75463.15092,735.3,2856.75,1417.658233,5342.343526,75667.78589,70.89,54.16
"2015-01-27","15:00",72087.42092,75177.67092,369.075,2721.175,759.1760131,5256.774365,75215.12388,66.81,49.7
"2015-01-28","16:00",71847.89092,74562.79092,81.125,2633.775,114.9260125,5205.356365,75647.10243,63.73,52.53
"2015-01-29","17:00",75973.04092,78436.29092,0.675,2462.575,0,5086.009529,78719.67663,71.72,64.91
"2015-01-30","18:00",75521.94592,77812.87092,0,2290.925,0,5053.642003,79098.65335,82.76,77.99
"2015-01-31","19:00",73781.25092,75682.75092,0,1901.5,0,4909.84291,76491.61146,68.91,63.97
"2015-02-01","20:00",67692.95592,69331.43092,0,1638.475,0,4566.917287,72081.4617,60.78,62.7
"2015-02-02","21:00",64683.57592,66087.45092,0,1403.875,0,4105.706645,69072.38429,49.86,50.4
"2015-02-03","22:00",62435.68092,63731.63092,0,1295.95,0,3819.578152,66676.15422,47.91,40.84
"2015-02-04","23:00",58279.94592,59354.27092,0,1074.325,0,3629.228184,61488.84414,34.73,31.5
"2015-01-06","00:00",54920.44592,55950.47092,0,1030.025,0,2486.688977,58258.76224,39.16,31.57
"2015-01-07","01:00",52868.45092,53869.15092,0,1000.7,0,2325.262268,55755.21714,33.26,31.12
"2015-01-08","02:00",51092.31592,51943.99092,0,851.675,0,2215.5213,54301.85706,33.09,30.65
"2015-01-09","03:00",51191.55092,51898.85092,0,707.3,0,2058.931416,54241.78417,33.03,30.29
"2015-01-10","04:00",52802.04592,53492.17092,0,690.125,0,1933.513235,55164.35683,32.26,30.53
"2015-01-11","05:00",56311.99092,57000.89092,0,688.9,0,1841.456,58147.5775,37.37,33.68
"2015-01-12","06:00",63582.36092,64279.41092,0,697.05,0,1720.444419,66568.78572,47.74,45.86
"2015-01-13","07:00",71537.70092,72230.15092,0.25,692.2,0,1653.023842,73732.87134,63.84,59.91
"2015-01-14","08:00",75845.16092,76522.11092,52.525,624.425,121.0283879,1545.661187,77229.62771,77.21,62.98
"2015-01-15","09:00",75901.83092,76773.43092,285.775,585.825,464.6712592,1517.805674,77650.22631,73.82,60.19
"2015-01-16","10:00",76555.84092,77783.59092,662.6,565.15,892.1308936,1430.146061,77789.66613,72.24,63.32
"2015-01-17","11:00",76990.53592,78620.51092,1061.825,568.15,1218.16665,1392.770545,79018.30062,77.78,65.65
"2015-01-18","12:00",75707.04092,77570.09092,1252.675,610.375,1342.116413,1299.719406,78910.10709,77.61,62.91
"2015-01-19","13:00",74749.58092,76553.83092,1144.075,660.175,1244.999387,1227.357181,78356.45181,70.96,61.46
"2015-01-20","14:00",74089.28092,75602.23092,835.2,677.75,914.0344307,1252.213094,77438.50876,65.48,57.41
"2015-01-21","15:00",73508.04092,74635.99092,436.45,691.5,489.1722004,1282.491823,76730.97194,61.84,50.81
"2015-01-22","16:00",73025.52592,73761.25092,102.95,632.775,115.6259318,1282.903868,76832.63895,60.78,54.09
"2015-01-23","17:00",77410.92092,77910.47092,1.05,498.5,0.444159043,1325.935042,79594.1006,67.32,60.23
"2015-01-24","18:00",77102.27092,77635.97092,0,533.7,0,1286.154187,79777.21845,70.63,60.57
"2015-01-25","19:00",73961.40092,74529.85092,0,568.45,0,1313.582448,77256.96852,63.63,62.97
"2015-01-26","20:00",69491.97092,70102.47092,0,610.5,0,1382.467194,72637.00259,54.8,52.97
"2015-01-27","21:00",65964.69592,66601.07092,0,636.375,0,1465.322194,69520.14707,50.42,48.03
"2015-01-28","22:00",63437.60092,64092.75092,0,655.15,0,1536.920194,66881.32102,48.56,39.11
"2015-01-29","23:00",58910.60092,59517.75092,0,607.15,0,1611.510452,62166.63733,38.74,31.87
"2015-01-30","00:00",55469.62092,56060.27092,0,590.65,0,1387.015194,57450.86363,35.64,34.09
"2015-01-31","01:00",52997.64592,53693.47092,0,695.825,0,1440.896968,55015.1009,32.32,32.05
"2015-02-01","02:00",51684.78592,52518.61092,0,833.825,0,1463.397613,53749.25582,32.32,31.13
"2015-02-02","03:00",51193.554253333,52229.47092,0,1035.916666667,0,1480.531839,53756.12955,31.47,31.02
"2015-02-03","04:00",52390.20592,53623.93092,0,1233.725,0,1536.484129,54705.68924,32.3,31.14
"2015-02-04","05:00",55781.84592,57194.87092,0,1413.025,0,1663.461613,57774.09491,36.44,34.06
"2015-01-06","06:00",63232.25092,64897.95092,0,1665.7,0,1880.246097,66396.79188,41.32,48.5
"2015-01-07","07:00",70363.12092,72091.07092,1.025,1726.925,4.917366665,2077.218129,73330.46513,60.84,67.49
"2015-01-08","08:00",72867.60592,74919.03092,136.25,1915.175,334.93526,2245.904774,76730.829,55.18,66.49
"2015-01-09","09:00",72424.66592,75410.69092,654.725,2331.3,1171.307051,2493.341452,77064.33451,56.85,65.66
"2015-01-10","10:00",72502.19592,76415.97092,1454.725,2459.05,2610.384546,2639.392935,77666.14253,55.89,60.88
"2015-01-11","11:00",72821.50092,77616.45092,2204.775,2590.175,3477.480796,2671.318548,78625.5388,57.68,62.79
"2015-01-12","12:00",71223.58092,76328.13092,2554.125,2550.425,3793.275788,2731.102742,78043.97491,58.55,61.44
"2015-01-13","13:00",70936.04092,75672.99092,2274.55,2462.4,3355.9568,2731.028419,77339.67385,57.12,59.37
"2015-01-14","14:00",70785.42592,74944.65092,1650.275,2508.95,2510.028502,2865.070903,76260.04861,53.23,58.96
"2015-01-15","15:00",71132.30092,74712.85092,860.55,2720,1396.768402,3099.374774,75168.53418,50.74,54.76
"2015-01-16","16:00",71204.06592,74349.29092,193.6,2951.625,305.8854319,3375.136419,75529.89432,52.99,61.62
"2015-01-17","17:00",73910.09592,77233.37092,8.175,3315.1,5.750921485,3775.667774,78564.55593,61.04,71.58
"2015-01-18","18:00",73845.81092,77485.91092,0,3640.1,0,4202.388452,79177.53065,62.52,80.06
"2015-01-19","19:00",72619.12592,76317.15092,0,3698.025,0,4435.908484,76524.31185,50.49,64.04
"2015-01-20","20:00",67279.13592,70952.81092,0,3673.675,0,4446.996226,71742.71668,45.55,61.3
"2015-01-21","21:00",64064.35592,67843.03092,0,3778.675,0,4364.982548,68708.17016,40.36,53.06
"2015-01-22","22:00",62056.527586667,65749.51092,0,3692.983333333,0,4311.229968,66051.53822,39.01,40.83
"2015-01-23","23:00",57792.682586667,61496.59092,0,3703.908333333,0,4222.389258,61927.40585,34.91,32.07
"2015-01-24","00:00",53391.314253333,57052.13092,0,3660.816666667,0,3967.070794,57591.69306,35.82,32.07
"2015-01-25","01:00",50597.32592,54338.85092,0,3741.525,0,4010.822794,54995.38765,35.74,31.55
"2015-01-26","02:00",49595.33092,53306.73092,0,3711.4,0,3907.975181,53558.3582,35.55,31.19
"2015-01-27","03:00",49810.66258667,53425.07092,0,3614.40833333,0,3938.277948,53623.94433,34.14,31.1
"2015-01-28","04:00",50792.75092,54399.85092,0,3607.1,0,3973.164248,54519.85195,35.06,31.17
"2015-01-29","05:00",54745.03092,58461.23092,0,3716.2,0,4067.017177,57418.50729,40.83,33.16
"2015-01-30","06:00",62992.67092,66936.57092,0,3943.9,0,4188.516439,65724.01398,44.42,43.13
"2015-01-31","07:00",70920.16592,75050.79092,1.5,4129.125,5.072992318,4337.108413,72791.65791,65.63,60.59
"2015-02-01","08:00",73016.61592,77399.29092,174.1,4208.575,445.2630869,4519.600323,76254.12226,71.36,65.1
"2015-02-02","09:00",72340.36592,77350.49092,770.2,4239.925,1481.749663,4661.876823,76802.64144,69.55,65.05
"2015-02-03","10:00",72081.01592,78149.59092,1702.675,4365.9,2901.147674,4797.390371,77633.35308,66.89,64.92
"2015-02-04","11:00",70874.98592,78138.61092,2696.65,4566.975,3808.948804,4921.426919,78492.52938,65.61,62.17
"2015-01-06","12:00",70191.68592,78224.01092,3075,4957.325,4129.565243,4963.404645,78067.76796,64.19,60.92
"2015-01-07","13:00",69398.07092,77129.67092,2553.7,5177.9,3079.243547,5315.152806,77182.87935,63,60.91
"2015-01-08","14:00",69091.85592,76169.53092,1625.5,5452.175,2280.067241,6089.915748,76471.59074,60.07,54.77
"2015-01-09","15:00",69089.60092,75658.35092,839.95,5728.8,1246.527051,6868.58301,75712.37825,58.37,49.69
"2015-01-10","16:00",69190.45592,75663.23092,209.8,6262.975,218.7575698,7520.580977,75816.43936,57.9,48.08
"2015-01-11","17:00",71742.11592,78637.59092,11.025,6884.45,2.400834025,7950.547955,78377.48456,64.48,55.17
"2015-01-12","18:00",71485.75092,78836.45092,0,7350.7,0,8556.721535,78590.89623,67.48,63.96
"2015-01-13","19:00",69638.31092,77126.01092,0,7487.7,0,8895.469839,75703.3854,60.62,54.17
"2015-01-14","20:00",65088.13092,72314.33092,0,7226.2,0,8772.979968,71092.3952,55.07,53.2
"2015-01-15","21:00",62256.08092,68880.03092,0,6623.95,0,8621.724323,67962.30472,47.28,35.06
"2015-01-16","22:00",59651.71092,65828.81092,0,6177.1,0,8506.466935,65532.4658,44.52,33.98
"2015-01-17","23:00",54579.82592,60682.85092,0,6103.025,0,8329.059903,61689.38532,39.72,31.12
"2015-01-18","00:00",51736.93592,57642.61092,0,5905.675,0,7515.30129,58442.76991,36.51,32.08
"2015-01-19","01:00",49226.70592,54709.73092,0,5483.025,0,7266.929355,55730.66068,34.56,31.58
"2015-01-20","02:00",47758.68092,53099.33092,0,5340.65,0,7106.414871,53982.36097,35.6,30.34
"2015-01-21","03:00",47921.41092,52872.41092,0,4951,0,6979.962097,53986.26509,35.44,29.99
"2015-01-22","04:00",49214.97592,53881.35092,0,4666.375,0,6767.402677,54721.47221,34.5,30.53
"2015-01-23","05:00",52202.65092,57144.85092,0,4942.2,0,6391.167032,57674.36184,39.29,32.17
"2015-01-24","06:00",60861.33092,65909.33092,0,5048,0,6041.486645,65436.20326,49.46,43.42
"2015-01-25","07:00",68516.54483,73545.39483,0.875,5027.975,4.85217558,5828.111581,72011.29787,64.11,61.6
"2015-01-26","08:00",72181.85874,77082.25874,89.025,4811.375,263.0801469,5598.157387,75679.12098,67.34,62.5
"2015-01-27","09:00",71708.76265,76882.26265,519.15,4654.35,931.5350976,5506.033742,76525.14784,64.31,63.3
"2015-01-28","10:00",71519.28156,77258.10656,1153.775,4585.05,2435.114042,5350.307871,77162.1409,62.02,61.59
"2015-01-29","11:00",70752.52047,76939.77047,1778.9,4408.35,3232.113426,4791.383323,77574.53061,64.75,63.28
"2015-01-30","12:00",69982.69938,76135.87438,2005.9,4147.275,3508.272798,4256.014258,77113.35475,63.1,60.39
"2015-01-31","13:00",68211.96328,74048.53828,1951.9,3884.675,3228.358641,3994.174903,75800.99118,61.52,59.33
"2015-02-01","14:00",67876.33719,73007.96219,1431.2,3700.425,2399.803491,3884.92211,74515.62346,57.03,58.97
"2015-02-02","15:00",68080.1461,72324.8461,696.45,3548.25,1323.520193,3787.443965,73183.026,54.26,53.19
"2015-02-03","16:00",68428.70001,72173.65001,169.6,3575.35,265.244059,3879.427384,73512.96653,56.08,53.03
"2015-02-04","17:00",70783.30892,74699.13392,8.85,3906.975,3.427624343,4137.187242,76536.89144,64.91,64.41
"2015-01-06","18:00",71820.11783,76187.61783,0,4367.5,0,4417.379774,76660.92195,64.68,64.94
"2015-01-07","19:00",67875.24174,72463.04174,0,4587.8,0,4606.62971,73483.03472,62.14,63.71
"2015-01-08","20:00",63866.21565,68549.36565,0,4683.15,0,4586.722129,68481.46544,54.19,54.64
"2015-01-09","21:00",60666.44956,65273.74956,0,4607.3,0,4518.266194,65471.87566,44.85,50.15
"2015-01-10","22:00",59016.82347,63391.37347,0,4374.55,0,4516.683613,63648.66366,43.2,46.01
"2015-01-11","23:00",55772.98738,59577.73738,0,3804.75,0,4462.697684,60057.54765,34.53,33.8
"2015-01-12","00:00",52925.67629,56343.60129,0,3417.925,0,4311.869635,55745.22592,37.38,36.42
"2015-01-13","01:00",50203.3152,53640.1652,0,3436.85,0,4231.730081,53023.73308,33.61,32.05
"2015-01-14","02:00",47617.53411,51167.30911,0,3549.775,0,4396.812148,51164.49101,34.56,31.1
"2015-01-15","03:00",47032.32802,50243.85302,0,3211.525,0,4762.822087,50840.42739,32.35,30.32
"2015-01-16","04:00",46930.37193,50497.69693,0,3567.325,0,4986.583861,50760.29057,30.4,29.83
"2015-01-17","05:00",46242.79084,50269.64084,0,4026.85,0,5203.330868,50757.21524,32.19,29.04
"2015-01-18","06:00",46887.52975,51024.90475,0,4137.375,0,5507.672213,51891.28823,31.47,30.9
"2015-01-19","07:00",50007.56866,54488.56866,0.925,4480.075,9.528157184,5355.716245,54889.08804,34.3,31.58
"2015-01-20","08:00",53766.54257,58828.19257,141.7,4919.95,551.1861854,4770.187113,59816.77579,42.21,32.4
"2015-01-21","09:00",56323.55648,61864.85648,942.95,4598.35,1716.49648,4361.534626,63352.38599,47.49,42.04
"2015-01-22","10:00",57241.98039,63380.18039,2279.2,3859,4995.996078,4018.287161,65203.0295,45.97,43.63
"2015-01-23","11:00",56966.3993,64036.6243,3405.55,3664.675,6438.690392,3726.438987,66067.85139,48.09,44.11
"2015-01-24","12:00",56043.46821,63686.56821,3946.375,3696.725,6867.894533,3359.108571,65451.02656,48.74,39.65
"2015-01-25","13:00",54722.68712,62305.61212,3735.825,3847.1,5858.55271,3442.146716,63771.59301,44.61,35.02
"2015-01-26","14:00",53729.10103,60504.97603,2820.15,3955.725,4410.547637,3824.639319,62426.9849,38.24,32.69
"2015-01-27","15:00",54312.01494,60400.13994,1404.25,4683.875,2527.176805,4289.183671,61629.13466,35.87,32.69
"2015-01-28","16:00",54866.61385,61177.36385,355.425,5955.325,426.3039966,5191.259103,63055.80369,36.82,33.57
"2015-01-29","17:00",59022.60776,65829.30776,17.725,6788.975,6.875875981,6560.096445,67356.17454,40.88,44.95
"2015-01-30","18:00",58883.80667,67314.13167,0,8430.325,0,8610.033716,68694.62096,41.67,48.04
"2015-01-31","19:00",55118.03558,65448.83558,0,10330.8,0,9723.523019,65800.10286,39.87,43.14
"2015-02-01","20:00",50254.01449,61155.73949,0,10901.725,0,10023.92767,61719.42296,33.26,32.57
"2015-02-02","21:00",48273.2384,58876.8634,0,10603.625,0,10427.54186,59507.64965,29.39,30.05
"2015-02-03","22:00",47470.19731,58547.54731,0,11077.35,0,10121.84389,59089.21297,29.65,32.04
"2015-02-04","23:00",44576.41122,55850.21122,0,11273.8,0,9252.062026,56481.44386,27.72,29.89
"2015-01-06","00:00",41983.41013,52772.23513,0,10788.825,0,12604.08833,53184.97812,23.55,22.11
"2015-01-07","01:00",39963.98404,49974.85904,0,10010.875,0,12431.28617,50099.78855,24.07,19.14
"2015-01-08","02:00",38837.55295,47819.20295,0,8981.65,0,11416.78933,48109.02816,21.97,14.85
"2015-01-09","03:00",38218.71686,46896.96686,0,8678.25,0,10939.00377,47324.87951,19.77,13.14
"2015-01-10","04:00",38544.59577,46452.97077,0,7908.375,0,10323.26745,47010.54567,17.88,14.39
"2015-01-11","05:00",38142.03468,45280.63468,0,7138.6,0,9235.218,46984.7675,18.17,15.98
"2015-01-12","06:00",37290.34859,44077.79859,0,6787.45,0,8682.911387,46714.50192,17.02,14.32
"2015-01-13","07:00",38952.5875,45156.3625,0.275,6203.5,4.865420204,7876.569097,47887.03605,26.11,17
"2015-01-14","08:00",42577.56641,48091.76641,121.8,5392.4,446.2456355,6935.876758,51707.53214,33.31,28
"2015-01-15","09:00",46124.22532,51526.15032,665.1,4736.825,1408.722859,6156.623477,55061.19522,38.11,31.25
"2015-01-16","10:00",49133.08423,54954.43423,1464,4357.35,4339.524798,5605.836081,57130.01498,43,33.69
"2015-01-17","11:00",51174.37314,57649.49814,2233,4242.125,5611.620024,5126.130781,59485.88365,45.64,44.57
"2015-01-18","12:00",51030.13205,58119.28205,3061.875,4027.275,6024.57234,4785.970452,59098.17014,39.89,38.48
"2015-01-19","13:00",47268.69596,55086.44596,3187.8,4629.95,5393.302314,4731.434871,56982.64739,31.71,32.09
"2015-01-20","14:00",46058.75487,53634.72987,2354.625,5221.35,4119.750753,5114.154677,55562.98978,26.92,31.85
"2015-01-21","15:00",45843.90378,53295.65378,1487.8,5963.95,2399.125871,5402.689323,54937.48983,29.33,32.01
"2015-01-22","16:00",47305.17269,54458.39769,480.05,6673.175,477.1741643,5933.8484,56468.15907,29.39,33.22
"2015-01-23","17:00",53553.7516,61316.1016,13.85,7748.5,15.2576855,7270.606,60701.31811,42.23,48.33
"2015-01-24","18:00",55948.30551,65319.00551,0,9370.7,0,8970.982365,63818.13466,37.96,42.93
"2015-01-25","19:00",53310.99942,63736.74942,0,10425.75,0,10596.58183,62332.86688,33.38,33.88
"2015-01-26","20:00",49229.25832,60168.33332,0,10939.075,0,11834.43728,60156.03891,27.74,31.96
"2015-01-27","21:00",47982.74223,59326.61723,0,11343.875,0,12801.83676,58966.02197,25.2,25.01
"2015-01-28","22:00",48820.24614,59962.32114,0,11142.075,0,13324.05477,59496.80422,28.25,28.24
"2015-01-29","23:00",45475.83005,56515.90505,0,11040.075,0,13594.56984,56662.38522,22.77,20.29
"2015-01-30","00:00",42311.28396,53711.20896,0,11399.925,0,14994.21175,54385.18344,14.24,12.63
"2015-01-31","01:00",40265.43287,52182.63287,0,11917.2,0,15685.63018,51745.65888,18.11,12.03
"2015-02-01","02:00",39552.21678,51420.21678,0,11868,0,15617.26038,50008.72357,16.58,12.81
"2015-02-02","03:00",39833.43569,51478.86069,0,11645.425,0,15247.79205,49593.35259,14.84,9.98
"2015-02-03","04:00",42354.9196,53412.6446,0,11057.725,0,15470.4908,50583.35208,15.62,9.8
"2015-02-04","05:00",46082.52851,57194.72851,0,11112.2,0,14704.68974,54617.08143,16.75,13.09
"2015-01-06","06:00",55563.49742,65793.37242,0,10229.875,0,14113.82007,63823.30445,35.85,30.14
"2015-01-07","07:00",63557.92133,72908.49633,1.05,9349.525,10.47639831,12955.60566,70767.03508,52.87,47.43
"2015-01-08","08:00",65764.14024,75431.54024,180.75,9486.65,689.3050674,11830.70282,74650.305,56.33,48.98
"2015-01-09","09:00",67089.69415,77171.34415,1107.125,8974.525,2045.174851,11454.01564,75329.89749,56.36,48.04
"2015-01-10","10:00",66997.73806,78151.08806,2692.125,8461.225,4639.391438,10921.86645,75574.99731,52.82,45.1
"2015-01-11","11:00",66132.30697,77679.03197,3830.25,7716.475,5930.298825,10091.151,76160.26111,52.74,49.96
"2015-01-12","12:00",65866.92588,76609.17588,4397.525,6344.725,6371.673156,9228.777397,75038.03933,53.24,48.99
"2015-01-13","13:00",66303.88479,76066.35979,4488.75,5273.725,6435.101516,8218.109642,74610.99905,57.5,50.71
"2015-01-14","14:00",66283.2437,74931.8437,3949.225,4699.375,5009.012606,7196.292855,73825.00112,57.4,51.92
"2015-01-15","15:00",67840.40261,74639.12761,2287.375,4511.35,3006.766561,6412.545319,73083.70756,55.79,51.92
"2015-01-16","16:00",69071.09152,73973.09152,678.3,4223.7,566.4142835,6408.048416,73110.74493,56.39,51.47
"2015-01-17","17:00",72932.89043,77586.81543,23.9,4630.025,22.04702891,7306.982384,76469.29297,60.79,55.53
"2015-01-18","18:00",73120.34434,77984.61934,0,4864.275,0,8537.094158,77614.79833,75.7,79.92
"2015-01-19","19:00",71039.67325,76223.02325,0,5183.35,0,9682.23619,75415.95554,62.64,58.83
"2015-01-20","20:00",66500.35716,72465.50716,0,5965.15,0,10311.46427,71376.89688,56.54,47.25
"2015-01-21","21:00",61319.52107,67840.57107,0,6521.05,0,10933.08022,67852.75127,43.87,35.08
"2015-01-22","22:00",58667.25998,64996.83498,0,6329.575,0,10899.89071,64988.17056,46.07,32.08
"2015-01-23","23:00",54022.51389,60093.73889,0,6071.225,0,10416.41448,60835.88596,36.24,30.94
"2015-01-24","00:00",51765.7828,57395.1828,0,5629.4,0,8253.581929,56483.29463,36.07,32.03
"2015-01-25","01:00",49667.06171,55365.18671,0,5698.125,0,8215.170352,53730.33092,32.18,31.06
"2015-01-26","02:00",48008.31562,53634.09062,0,5625.775,0,8328.790252,52108.95769,31.79,30.28
"2015-01-27","03:00",47919.40953,53729.33453,0,5809.925,0,8372.519168,52099.18661,30.64,29.57
"2015-01-28","04:00",49179.00844,54579.75844,0,5400.75,0,8484.484123,52885.0249,33.38,30.16
"2015-01-29","05:00",52484.90735,57876.28235,0,5391.375,0,8537.621771,55897.71711,35.05,31.21
"2015-01-30","06:00",60375.89126,66172.36626,0,5796.475,0,8617.42819,64221.15275,48.6,41.47
"2015-01-31","07:00",67552.34517,73548.57017,3.975,5992.25,17.48979977,8597.925416,70685.27572,65.55,55.05
"2015-02-01","08:00",69765.14408,76131.39408,248.5,6117.75,945.8750869,8586.634639,73938.32376,65.42,56.58
"2015-02-02","09:00",68117.76799,75999.71799,1710.6,6171.35,2705.958696,8792.470923,74100.09049,63.58,54.52
"2015-02-03","10:00",66624.9019,76670.8019,4493.575,5552.325,6318.409302,8600.511235,73943.96058,62.16,51.25
"2015-02-04","11:00",65150.45081,77210.12581,6687.675,5372,7957.339808,7951.850158,74667.55741,62.38,48.9
"2015-01-06","12:00",63871.07972,76638.02972,7668.125,5098.825,8526.10343,7514.135458,74034.66848,50.7,34.87
"2015-01-07","13:00",64160.92363,76727.17363,7319.05,5247.2,7314.218948,7487.885355,73011.83922,49.69,39.31
"2015-01-08","14:00",63708.50254,74941.17754,5861.575,5371.1,5766.335872,8174.456581,71869.49317,53.11,46.5
"2015-01-09","15:00",64820.56145,74373.96145,3728.2,5825.2,3554.363661,8950.98871,71561.05495,48.74,48
"2015-01-10","16:00",65926.05536,74030.00536,1201.75,6902.2,734.8086947,9777.855484,71835.08229,45.97,49.77
"2015-01-11","17:00",69632.95427,77948.72927,40.375,8275.4,25.86376134,10711.86023,76104.17683,55.64,57.75
"2015-01-12","18:00",70950.17818,79665.35318,0,8715.175,0,12340.73274,78284.58008,49.83,57.15
"2015-01-13","19:00",69075.44709,77704.89709,0,8629.45,0,12806.2199,76038.82667,44.07,50.93
"2015-01-14","20:00",63736.046,72437.021,0,8700.975,0,12400.86439,71619.48246,43.35,50
"2015-01-15","21:00",60990.29491,69255.34491,0,8265.05,0,11596.13071,68167.66737,39.33,40.54
"2015-01-16","22:00",58558.08382,66503.10882,0,7945.025,0,11212.64329,65328.36852,36.86,37.9
"2015-01-17","23:00",54729.57773,62645.55273,0,7915.975,0,11004.57468,61090.49368,32.91,32.06
"2015-01-18","00:00",51653.28164,59419.95664,0,7766.675,0,10340.90739,57733.89846,33.63,31.14
"2015-01-19","01:00",48882.04055,56912.94055,0,8030.9,0,10070.96855,55505.38211,34.82,30.54
"2015-01-20","02:00",47380.71945,55261.14445,0,7880.425,0,10134.24403,54372.70567,29.24,29.63
"2015-01-21","03:00",47122.91836,55111.16836,0,7988.25,0,10072.4521,54623.74885,23.65,28.98
"2015-01-22","04:00",47900.69727,56210.47227,0,8309.775,0,10232.56361,55744.51872,27.7,29.55
"2015-01-23","05:00",50090.07618,59225.17618,0,9135.1,0,10508.4999,58887.34778,28.83,31.08
"2015-01-24","06:00",58883.14009,68386.24009,0,9503.1,0,10742.12481,67201.63046,38.64,33.96
"2015-01-25","07:00",66216.484,76082.084,4.725,9860.875,27.99195435,10820.07968,73214.32291,45.61,52.96
"2015-01-26","08:00",68615.44291,78272.06791,238.6,9418.025,1149.250931,10662.77845,76310.46455,48.33,52.95
"2015-01-27","09:00",63041.40182,73178.65182,1194.05,8943.2,3226.2243,10385.58229,76574.61061,45.04,51.99
"2015-01-28","10:00",66317.71073,78284.43573,2891.4,9075.325,7919.64924,10333.45297,76978.21897,49.15,48.96
"2015-01-29","11:00",65600.85964,78909.15964,4056.7,9251.6,9907.658105,10276.10855,77410.16104,51.35,45.03
"2015-01-30","12:00",64287.19355,78250.44355,4698.5,9264.75,10586.35594,10108.90681,76802.52153,51.46,34.44
"2015-01-31","13:00",63790.23246,77755.20746,4624.475,9340.5,10104.84823,10149.279,76347.96718,51.56,33.96
"2015-02-01","14:00",63584.19137,76486.49137,3766.325,9135.975,8054.720449,10263.48858,75404.37061,50.2,34.79
"2015-02-02","15:00",64428.95028,75974.17528,2022.8,9522.425,5052.957421,10392.29681,74480.67482,49.17,42.31
"2015-02-03","16:00",64966.67419,75073.89919,553.725,9553.5,865.1391221,10836.82494,74593.16047,46.66,47.02
"2015-02-04","17:00",69178.7981,78614.4231,24.5,9411.125,33.30555212,11395.17474,78201.19969,48.8,52.96
"2015-01-06","18:00",70989.18201,80853.20701,0,9864.025,0,12061.22235,79698.3621,48.68,52.94
"2015-01-07","19:00",68841.11592,78602.39092,0,9761.275,0,12354.19294,77471.72021,52.4,49.01
"2015-01-08","20:00",64631.81483,73554.11483,0,8922.3,0,11672.9541,73068.76153,47.64,40.55
"2015-01-09","21:00",61795.47874,70051.57874,0,8256.1,0,11041.36271,69610.53541,39.6,33.17
"2015-01-10","22:00",59332.16765,67067.54265,0,7735.375,0,10626.83871,66676.93875,36.47,32.54
"2015-01-11","23:00",54977.95156,62596.32656,0,7618.375,0,10196.64226,62317.92187,32.88,31.47
"2015-01-12","00:00",50886.66047,58655.81047,0,7769.15,0,9357.722645,58896.59415,35.16,31.11
"2015-01-13","01:00",49029.65938,56779.53438,0,7749.875,0,9171.21729,56477.84805,33.12,30.49
"2015-01-14","02:00",47898.81329,55640.13829,0,7741.325,0,9127.471065,55117.55807,29.35,29.11
"2015-01-15","03:00",48003.9272,55529.2022,0,7525.275,0,9138.502903,55012.3909,28.9,29.2
"2015-01-16","04:00",48948.50611,56116.10611,0,7167.6,0,9094.154548,55864.90949,32.54,30.32
"2015-01-17","05:00",51764.33502,58899.01002,0,7134.675,0,8998.575032,58961.41333,35.45,31.03
"2015-01-18","06:00",59998.01893,67005.99393,0,7007.975,0,8730.831226,67343.56917,39.76,34.11
"2015-01-19","07:00",68287.17284,75132.49784,6.6,6838.725,33.08844948,8440.146839,73406.98888,48.56,53.07
"2015-01-20","08:00",69970.46175,77095.56175,415.3,6709.8,1201.001777,7775.531,76257.68308,48.92,53.58
"2015-01-21","09:00",68121.30066,76722.32566,2116.125,6484.9,3318.480889,7292.87329,76478.47288,50.93,53.02
"2015-01-22","10:00",66922.57957,77675.22957,4724.9,6027.75,6243.552778,6720.443484,76754.35997,50.73,51.4
"2015-01-23","11:00",64896.62348,77337.37348,6541.575,5899.175,8004.448416,5965.358129,77555.70136,46.61,49.64
"2015-01-24","12:00",63625.90739,76782.35739,7366.8,5789.65,8613.120507,5299.472806,76803.31076,45.12,47.75
"2015-01-25","13:00",63396.3413,76166.3413,6901.2,5868.8,7218.628054,5348.339,75974.27766,48.33,50.29
"2015-01-26","14:00",63840.15021,75306.32521,5301.6,6164.575,5664.465698,6031.664871,75319.64461,50.56,50.49
"2015-01-27","15:00",65728.96412,74975.78912,2973.775,6273.05,3441.01918,6936.149581,74485.44753,49.38,51.5
"2015-01-28","16:00",66188.47303,73688.77303,828.725,6671.575,748.7785174,7900.664839,74483.4015,47.58,51.56
"2015-01-29","17:00",69684.81694,77273.21694,44.125,7544.275,36.06530913,8872.313226,77729.08568,52.48,55.12
"2015-01-30","18:00",71115.00085,79646.20085,0,8531.2,0,9970.960903,79526.29038,47.87,60.75
"2015-01-31","19:00",68830.38476,77602.78476,0,8772.4,0,10285.54587,77329.56618,44.06,53.71
"2015-02-01","20:00",64599.69367,73107.16867,0,8507.475,0,9874.185548,72796.88885,43,48.99
"2015-02-02","21:00",62654.98258,70043.83258,0,7388.85,0,9223.590839,69265.59701,33.79,37.06
"2015-02-03","22:00",59379.72649,66405.87649,0,7026.15,0,8666.092645,66410.55124,32.68,33.89
"2015-02-04","23:00",55316.9354,62013.9604,0,6697.025,0,8355.956194,62006.86661,30.57,32.73
